,Pokemon,fire,water,grass,electric,ice,fighting,poison,ground,flying,psychic,bug,rock,ghost,dragon,dark,steel,fairy,Tipo 1,Tipo 2,Primer_Cluster
0,Abomasnow,2,5,18,2,16,6,5,5,2,5,2,8,3,3,3,3,0,grass,ice,10
1,Abra,5,3,5,6,5,7,5,4,3,27,3,2,4,2,10,3,1,psychic,dark,5
2,Absol,8,5,2,7,9,6,5,3,4,10,5,9,9,2,20,3,1,dark,psychic,14
3,Accelgor,2,5,5,2,2,4,13,4,2,7,12,3,4,2,4,2,0,poison,bug,2
4,Aegislash,3,3,2,4,2,5,5,3,3,5,3,7,7,2,4,9,0,steel,rock,14
5,Aerodactyl,10,4,2,3,5,4,5,6,13,4,2,16,6,9,11,6,0,rock,flying,7
6,Aggron,9,8,3,8,9,13,5,9,3,3,3,18,6,11,8,11,0,rock,fighting,4
7,Aipom,5,5,6,7,5,13,7,5,5,6,4,3,7,2,14,3,0,dark,fighting,14
8,Alakazam,5,3,5,6,5,8,5,4,3,34,3,2,4,2,11,3,1,psychic,dark,5
9,Alomomola,3,18,2,2,8,3,5,2,3,11,2,3,3,2,3,2,0,water,psychic,0
10,Altaria,8,3,4,2,9,3,5,5,14,7,2,3,4,15,5,5,3,dragon,flying,12
11,Amaura,2,6,2,7,15,3,5,5,2,10,2,16,2,5,4,6,0,rock,ice,7
12,Ambipom,5,5,6,7,5,13,7,5,5,6,4,3,7,2,14,3,0,dark,fighting,14
13,Amoonguss,3,3,15,2,2,2,14,2,2,3,3,3,3,2,5,2,0,grass,poison,10
14,Ampharos,4,3,4,25,3,11,5,6,2,6,3,5,4,5,4,3,0,electric,fighting,13
15,Anorith,3,8,2,3,2,4,8,8,3,3,9,16,4,2,4,4,0,rock,bug,9
16,Arbok,5,4,4,3,6,2,30,6,2,3,3,6,3,4,14,3,0,poison,dark,16
17,Arcanine,19,2,3,4,3,7,5,5,3,4,2,4,3,5,6,4,1,fire,fighting,4
18,Arceus,11,13,8,7,10,6,10,8,7,19,6,13,6,11,9,6,0,psychic,rock,15
19,Arceus-Bug,11,13,8,7,10,6,10,8,7,19,6,13,6,11,9,6,0,psychic,rock,15
20,Arceus-Dark,11,13,8,7,10,6,10,8,7,19,6,13,6,11,9,6,0,psychic,rock,15
21,Arceus-Dragon,11,13,8,7,10,6,10,8,7,19,6,13,6,11,9,6,0,psychic,rock,15
22,Arceus-Electric,11,13,8,7,10,6,10,8,7,19,6,13,6,11,9,6,0,psychic,rock,15
23,Arceus-Fairy,11,13,8,7,10,6,10,8,7,19,6,13,6,11,9,6,0,psychic,rock,15
24,Arceus-Fighting,11,13,8,7,10,6,10,8,7,19,6,13,6,11,9,6,0,psychic,rock,15
25,Arceus-Fire,11,13,8,7,10,6,10,8,7,19,6,13,6,11,9,6,0,psychic,rock,15
26,Arceus-Flying,11,13,8,7,10,6,10,8,7,19,6,13,6,11,9,6,0,psychic,rock,15
27,Arceus-Ghost,11,13,8,7,10,6,10,8,7,19,6,13,6,11,9,6,0,psychic,rock,15
28,Arceus-Grass,11,13,8,7,10,6,10,8,7,19,6,13,6,11,9,6,0,psychic,rock,15
29,Arceus-Ground,11,13,8,7,10,6,10,8,7,19,6,13,6,11,9,6,0,psychic,rock,15
30,Arceus-Ice,11,13,8,7,10,6,10,8,7,19,6,13,6,11,9,6,0,psychic,rock,15
31,Arceus-Poison,11,13,8,7,10,6,10,8,7,19,6,13,6,11,9,6,0,psychic,rock,15
32,Arceus-Psychic,11,13,8,7,10,6,10,8,7,19,6,13,6,11,9,6,0,psychic,rock,15
33,Arceus-Rock,11,13,8,7,10,6,10,8,7,19,6,13,6,11,9,6,0,psychic,rock,15
34,Arceus-Steel,11,13,8,7,10,6,10,8,7,19,6,13,6,11,9,6,0,psychic,rock,15
35,Arceus-Water,11,13,8,7,10,6,10,8,7,19,6,13,6,11,9,6,0,psychic,rock,15
36,Archen,3,3,2,2,3,4,5,7,12,6,3,18,3,8,9,6,0,rock,flying,7
37,Archeops,3,3,2,2,3,5,5,7,14,6,3,18,3,11,9,6,0,rock,flying,7
38,Ariados,3,2,4,3,3,2,23,3,3,7,18,2,4,2,8,2,0,poison,bug,2
39,Armaldo,3,9,2,3,2,7,8,10,3,3,9,17,4,2,4,6,0,rock,ground,9
40,Aromatisse,3,3,4,5,5,4,5,3,2,14,2,2,3,3,3,4,10,psychic,fairy,1
41,Aron,3,5,2,4,2,5,5,8,3,3,3,15,6,4,3,10,0,rock,steel,9
42,Articuno,3,6,2,2,16,3,5,3,15,6,4,5,3,3,2,4,0,ice,flying,12
43,Audino,9,4,5,8,12,6,5,6,3,20,3,2,3,3,5,3,6,psychic,ice,1
44,Aurorus,2,7,2,8,16,3,5,6,2,12,2,16,2,5,4,6,0,ice,rock,7
45,Avalugg,2,6,2,2,15,4,5,4,2,5,2,10,4,2,4,6,0,ice,rock,9
46,Axew,4,4,2,3,3,6,8,3,3,3,3,5,2,13,8,3,0,dragon,dark,14
47,Azelf,9,5,5,8,5,4,5,4,3,23,4,5,3,2,8,3,1,psychic,fire,5
48,Azumarill,3,25,4,2,10,10,5,5,3,6,2,4,2,2,5,3,2,water,fighting,0
49,Azurill,3,20,2,2,8,2,5,3,3,4,2,3,2,2,4,3,1,water,ice,0
50,Bagon,10,4,2,2,3,4,5,3,3,4,3,7,3,17,5,3,0,dragon,fire,7
51,Baltoy,3,3,5,3,4,2,5,11,3,28,3,13,3,2,2,3,1,psychic,rock,5
52,Banette,4,3,3,7,4,3,7,4,2,15,3,2,18,2,16,2,1,ghost,dark,5
53,Barbaracle,3,14,4,2,7,10,12,9,3,3,5,15,3,4,11,3,0,rock,water,9
54,Barboach,3,19,2,4,7,2,5,11,3,5,2,5,2,4,2,2,0,water,ground,0
55,Basculin,2,19,2,2,6,5,5,3,3,5,2,2,2,2,5,2,0,water,ice,0
56,Bastiodon,7,3,2,6,7,4,5,10,2,5,2,18,4,3,4,9,0,rock,ground,9
57,Bayleef,3,3,27,2,3,4,8,4,2,7,3,4,2,2,2,3,0,grass,poison,10
58,Beartic,2,9,4,2,16,10,5,4,3,3,2,8,3,2,7,2,2,ice,fighting,0
59,Beautifly,3,2,8,3,2,2,10,2,11,5,14,2,4,3,3,3,0,bug,flying,2
60,Beedrill,3,2,4,3,3,4,18,3,10,4,15,3,3,2,7,3,0,poison,bug,2
61,Beheeyem,2,3,3,6,3,2,5,4,3,34,3,6,4,2,9,4,0,psychic,dark,5
62,Beldum,0,0,0,0,0,0,0,0,0,1,0,0,0,0,0,2,0,steel,psychic,6
63,Bellossom,3,2,26,2,2,3,14,3,2,3,3,2,2,2,3,2,4,grass,poison,10
64,Bellsprout,3,2,18,2,2,2,17,2,2,4,4,2,2,2,5,2,0,grass,poison,10
65,Bergmite,2,6,2,2,15,3,5,2,2,5,2,10,4,2,3,5,0,ice,rock,9
66,Bibarel,4,16,5,7,7,6,5,6,3,4,3,7,6,2,5,3,0,water,ice,4
67,Bidoof,4,6,4,7,7,5,5,4,3,4,3,7,6,2,4,3,0,ice,rock,4
68,Binacle,3,14,4,2,7,6,12,8,3,3,5,15,3,2,11,3,0,rock,water,9
69,Bisharp,2,3,4,4,4,10,8,4,3,5,4,11,4,3,20,7,0,dark,rock,14
70,Blastoise,3,27,3,3,12,12,5,8,2,5,3,10,3,7,6,6,0,water,fighting,0
71,Blaziken,22,3,4,3,5,19,8,7,10,5,3,9,5,3,6,2,0,fire,fighting,4
72,Blissey,9,5,6,9,12,11,5,7,3,13,2,12,3,2,4,3,3,psychic,rock,1
73,Blitzle,3,3,2,14,3,3,5,4,3,5,3,2,2,2,4,2,0,electric,psychic,13
74,Boldore,2,2,2,2,2,3,5,10,3,4,2,18,4,2,2,6,0,rock,ground,9
75,Bonsly,3,2,2,2,2,5,5,6,2,5,2,15,4,2,7,2,0,rock,dark,9
76,Bouffalant,3,4,2,3,2,6,9,6,3,5,3,9,2,3,5,3,0,poison,rock,4
77,Braixen,18,4,6,4,3,4,5,2,2,16,2,2,2,2,6,3,0,fire,psychic,5
78,Braviary,4,3,2,2,2,5,5,2,16,4,3,7,3,2,3,4,0,flying,rock,12
79,Breloom,3,2,16,3,2,19,12,3,3,3,3,8,2,2,5,3,1,fighting,grass,3
80,Bronzong,3,3,5,3,2,3,5,6,3,24,3,14,4,2,4,8,0,psychic,rock,5
81,Bronzor,3,3,5,3,2,2,5,6,3,23,3,13,4,2,4,7,0,psychic,rock,5
82,Budew,4,5,20,2,2,2,9,4,2,4,3,2,3,2,2,2,1,grass,poison,10
83,Buizel,3,22,2,2,11,8,5,4,2,4,3,5,3,2,4,3,0,water,ice,0
84,Bulbasaur,3,3,29,2,3,3,14,4,2,5,4,3,4,2,3,2,1,grass,poison,10
85,Buneary,5,5,5,8,8,11,5,5,4,7,2,3,4,2,5,3,3,fighting,electric,1
86,Bunnelby,2,3,4,3,4,8,7,9,3,4,3,11,3,2,6,4,0,rock,ground,9
87,Burmy,2,2,2,3,2,2,2,2,2,2,5,2,2,2,2,2,0,bug,electric,2
88,Butterfree,3,3,7,3,2,2,10,2,11,9,15,2,5,3,3,3,0,bug,flying,2
89,Cacnea,3,2,20,3,2,10,15,6,2,4,5,3,4,2,10,2,0,grass,poison,10
90,Cacturne,3,2,21,3,2,13,15,6,2,4,5,3,4,2,12,2,0,grass,poison,10
91,Camerupt,15,2,3,2,3,3,5,10,2,4,2,15,4,2,2,4,1,fire,rock,16
92,Carbink,3,2,2,3,3,2,5,6,3,14,2,17,2,2,2,4,2,rock,psychic,9
93,Carnivine,3,2,22,2,2,2,8,3,2,3,7,2,2,2,9,2,0,grass,dark,10
94,Carracosta,2,18,2,2,6,6,5,7,2,5,2,19,4,2,5,5,0,rock,water,9
95,Carvanha,2,14,2,2,10,2,8,3,3,5,3,3,4,2,12,2,0,water,dark,0
96,Cascoon,0,0,0,1,0,0,3,0,0,0,3,0,0,0,0,1,0,poison,bug,8
97,Castform,8,9,4,6,9,2,6,2,4,7,2,3,5,2,3,2,0,water,ice,4
98,Caterpie,0,0,0,1,0,0,0,0,0,0,3,0,0,0,0,0,0,bug,electric,8
99,Celebi,3,5,13,5,3,2,5,4,3,20,5,6,4,2,5,2,1,psychic,grass,5
100,Chandelure,16,2,4,3,3,2,10,3,2,12,2,2,10,2,9,2,0,fire,psychic,5
101,Chansey,9,5,6,9,11,10,5,7,3,13,2,12,3,2,4,3,3,psychic,rock,1
102,Charmander,24,3,3,3,3,9,5,4,5,3,3,8,3,13,7,4,0,fire,dragon,4
103,Charmeleon,24,3,3,3,3,9,5,4,5,3,3,8,3,13,7,4,0,fire,dragon,4
104,Chatot,4,3,2,2,5,2,5,3,16,6,3,2,4,3,6,4,0,flying,dark,12
105,Cherrim,3,2,20,2,2,2,5,2,2,5,2,3,2,2,2,2,2,grass,psychic,10
106,Cherubi,3,2,19,2,2,2,5,2,2,5,2,3,2,2,2,2,2,grass,psychic,10
107,Chesnaught,3,3,19,3,3,14,10,8,3,5,3,10,5,5,7,6,0,grass,fighting,3
108,Chespin,3,3,16,3,3,12,10,7,3,5,3,10,5,3,6,6,0,grass,fighting,3
109,Chikorita,3,3,27,2,3,3,8,4,2,7,3,3,2,2,2,3,0,grass,poison,10
110,Chimchar,20,3,5,3,4,14,7,4,4,4,3,7,3,2,7,3,0,fire,fighting,4
111,Chimecho,3,3,5,5,6,2,5,4,3,27,3,3,7,2,6,2,1,psychic,ghost,5
112,Chinchou,2,20,2,16,8,2,5,2,3,6,3,2,3,2,3,2,1,water,electric,0
113,Chingling,3,3,4,5,6,2,5,4,3,22,3,3,6,2,6,2,1,psychic,ghost,5
114,Cinccino,3,4,6,6,4,4,7,4,2,5,3,4,2,2,6,3,3,poison,electric,11
115,Clamperl,2,18,2,3,7,2,5,3,2,4,2,2,3,2,2,3,0,water,ice,0
116,Clauncher,3,21,2,2,6,2,11,3,3,3,3,5,2,4,2,4,0,water,poison,0
117,Clawitzer,3,21,2,2,6,4,11,3,3,4,3,5,3,4,4,4,0,water,poison,0
118,Claydol,3,3,5,3,4,3,5,11,3,29,3,15,3,2,2,3,1,psychic,rock,5
119,Clefairy,9,5,7,8,11,11,5,7,4,22,3,6,4,3,6,4,7,psychic,fighting,1
120,Cleffa,7,5,7,4,5,4,5,7,3,19,3,3,4,3,4,3,3,psychic,fire,1
121,Cloyster,2,15,2,2,16,2,11,4,2,4,4,4,2,2,4,3,0,ice,water,0
122,Cobalion,2,2,2,5,3,9,8,3,4,6,3,9,2,2,4,7,0,fighting,rock,9
123,Cofagrigus,3,3,5,3,3,2,7,3,2,20,3,2,13,2,12,3,0,psychic,ghost,5
124,Combee,0,0,0,0,0,0,0,1,3,0,5,0,1,0,0,0,0,bug,flying,8
125,Combusken,20,3,3,3,5,17,8,5,8,4,3,7,5,3,5,2,0,fire,fighting,4
126,Conkeldurr,5,3,4,3,4,22,8,6,2,3,2,12,3,2,6,2,0,fighting,rock,3
127,Corphish,3,17,2,3,9,6,7,5,3,3,4,8,3,4,10,4,0,water,dark,0
128,Corsola,3,12,3,3,9,3,5,8,2,12,2,19,6,2,3,3,0,rock,psychic,9
129,Cottonee,3,2,18,2,2,2,8,2,3,4,2,2,2,2,8,2,4,grass,dark,10
130,Cradily,3,3,13,2,2,3,11,7,2,6,4,15,6,2,2,2,0,rock,grass,16
131,Cranidos,9,3,2,6,5,6,5,8,2,4,2,17,5,4,8,4,0,rock,fire,4
132,Crawdaunt,3,18,2,3,10,6,9,5,3,3,4,8,3,4,13,4,0,water,dark,0
133,Cresselia,3,3,6,4,7,2,5,5,3,23,4,2,3,2,2,2,2,psychic,ice,5
134,Croagunk,3,3,2,3,7,18,20,7,3,5,4,8,5,3,18,3,0,poison,dark,3
135,Crobat,4,3,3,2,4,3,17,2,17,5,5,2,8,3,13,4,0,flying,poison,12
136,Croconaw,4,21,3,3,11,11,5,5,3,3,3,8,4,6,8,4,0,water,fighting,0
137,Crustle,2,3,4,2,2,4,8,10,3,3,8,19,5,2,6,3,0,rock,ground,9
138,Cryogonal,2,6,3,2,15,2,9,2,3,6,3,2,3,2,4,4,0,ice,poison,2
139,Cubchoo,2,7,4,2,15,7,5,3,3,3,2,5,3,2,6,2,2,ice,fighting,0
140,Cubone,9,2,2,3,9,12,5,11,3,3,3,13,2,2,5,5,1,rock,fighting,4
141,Cyndaquil,21,3,3,3,3,5,5,4,3,4,2,3,3,2,2,2,0,fire,poison,4
142,Darkrai,5,3,2,7,8,8,10,3,3,10,3,8,9,4,20,2,0,dark,psychic,14
143,Darmanitan,17,2,5,2,3,10,5,6,2,6,3,10,2,2,8,3,0,fire,fighting,4
144,Darumaka,17,2,5,2,2,8,5,3,2,4,3,8,2,2,6,3,0,fire,fighting,4
145,Dedenne,3,3,4,19,2,2,5,4,3,3,4,2,2,2,4,3,2,electric,poison,13
146,Deerling,3,3,14,4,4,5,5,3,3,5,2,2,4,2,4,2,1,grass,poison,11
147,Deino,6,4,2,5,7,4,5,3,2,4,2,4,4,14,10,2,0,dragon,dark,7
148,Delcatty,3,5,5,8,8,5,5,5,2,7,2,4,4,2,6,3,3,ice,electric,1
149,Delibird,2,6,3,2,17,7,7,4,8,4,3,3,3,2,4,2,0,ice,flying,0
150,Delphox,21,4,6,4,3,4,5,2,2,20,3,2,3,2,7,3,0,fire,psychic,5
151,Deoxys,5,5,6,9,9,15,8,6,4,27,3,9,5,2,11,5,0,psychic,fighting,5
152,Deoxys-Attack,5,5,6,9,9,15,8,6,4,27,3,9,5,2,11,5,0,psychic,fighting,5
153,Deoxys-Defense,5,5,6,9,9,15,8,6,4,27,3,9,5,2,11,5,0,psychic,fighting,5
154,Deoxys-Speed,5,5,6,9,9,15,8,6,4,27,3,9,5,2,11,5,0,psychic,fighting,5
155,Dewgong,3,16,2,2,15,2,6,3,2,3,3,2,3,2,4,3,0,water,ice,16
156,Dewott,4,21,5,2,7,5,5,3,4,3,4,3,2,2,6,3,0,water,ice,0
157,Dialga,8,3,2,7,7,6,5,8,4,6,3,13,3,14,3,8,0,dragon,rock,7
158,Diancie,3,2,2,3,3,2,5,6,3,13,2,17,2,2,2,4,2,rock,psychic,9
159,Diggersby,4,3,5,4,6,12,10,11,3,4,3,11,3,2,9,4,0,fighting,rock,9
160,Diglett,3,2,2,2,3,5,7,11,3,3,2,11,4,2,9,2,0,ground,rock,9
161,Ditto,0,0,0,0,0,0,0,0,0,0,0,0,0,0,0,0,0,fire,water,6
162,Dodrio,3,2,2,2,6,2,5,3,14,4,2,2,2,2,10,4,0,flying,dark,12
163,Doduo,3,2,2,2,5,2,5,3,14,4,2,2,2,2,7,4,0,flying,dark,12
164,Donphan,5,2,3,3,6,6,10,8,3,3,2,16,3,2,4,6,2,rock,poison,9
165,Doublade,2,3,2,4,2,5,5,3,3,5,3,6,6,2,4,8,0,steel,rock,14
166,Dragalge,2,15,2,5,5,3,22,2,3,3,2,2,3,9,3,3,1,poison,water,0
167,Dragonair,7,11,2,6,9,2,5,2,2,5,2,2,2,17,2,3,0,dragon,water,7
168,Dragonite,10,12,2,7,11,9,5,5,13,6,3,9,3,19,4,6,0,dragon,flying,7
169,Drapion,5,4,2,3,6,4,27,7,3,4,12,8,4,2,17,3,0,poison,dark,14
170,Dratini,7,11,2,6,9,2,5,2,2,5,2,2,2,17,2,3,0,dragon,water,7
171,Drifblim,4,3,2,7,4,2,6,4,8,13,3,3,9,2,8,3,0,psychic,ghost,16
172,Drifloon,4,3,2,7,4,2,6,4,7,13,3,3,8,2,8,3,0,psychic,dark,16
173,Drilbur,2,2,2,3,2,5,10,10,3,3,3,11,3,2,4,5,0,rock,poison,9
174,Drowzee,5,3,4,4,5,11,8,3,2,27,3,2,4,2,10,2,1,psychic,fighting,5
175,Druddigon,10,5,2,6,3,7,12,6,3,3,2,11,3,12,17,6,0,dark,dragon,7
176,Ducklett,3,15,2,3,6,2,5,3,18,3,2,2,2,2,2,4,0,flying,water,12
177,Dugtrio,3,2,3,2,3,5,9,13,3,3,2,12,4,2,10,2,1,ground,rock,9
178,Dunsparce,7,6,3,8,5,4,9,7,5,8,2,11,9,2,5,4,0,rock,ghost,4
179,Duosion,2,3,3,5,2,2,6,4,3,23,4,7,6,2,4,5,1,psychic,rock,5
180,Durant,2,2,3,4,3,4,5,4,3,4,8,12,3,2,6,7,0,rock,bug,9
181,Dusclops,6,3,2,4,10,10,5,7,3,15,3,7,17,2,15,2,0,ghost,dark,5
182,Dusknoir,6,3,2,4,10,11,5,7,3,15,3,7,17,2,15,2,0,ghost,dark,5
183,Duskull,4,3,2,3,8,3,5,4,3,15,3,2,16,2,15,2,0,ghost,dark,5
184,Dustox,3,2,5,3,2,2,15,2,11,8,14,2,4,3,3,3,1,poison,bug,2
185,Dwebble,2,3,4,2,2,4,8,10,3,3,8,19,5,2,6,3,0,rock,ground,9
186,Eelektrik,2,4,3,13,2,2,9,3,4,4,4,2,2,2,4,4,0,electric,poison,13
187,Eelektross,5,4,5,16,2,8,9,3,4,4,4,7,2,9,5,4,0,electric,dragon,13
188,Eevee,3,3,2,2,4,3,5,5,2,5,2,2,5,2,4,3,2,ground,ghost,11
189,Ekans,3,4,4,2,4,2,30,6,2,3,3,6,3,2,13,3,0,poison,dark,16
190,Electabuzz,4,3,2,15,5,16,5,4,2,8,3,4,2,3,4,3,0,fighting,electric,13
191,Electivire,5,3,2,20,6,16,5,8,2,8,3,8,2,3,6,3,0,electric,fighting,13
192,Electrike,6,3,2,17,4,3,5,4,2,4,3,2,5,2,7,3,0,electric,dark,13
193,Electrode,2,3,2,17,3,2,5,3,2,6,3,3,2,2,7,3,0,electric,dark,13
194,Elekid,4,3,2,15,5,14,5,4,2,8,3,3,2,3,4,2,0,electric,fighting,13
195,Elgyem,2,3,3,6,3,2,5,4,3,34,3,6,4,2,9,4,0,psychic,dark,5
196,Emboar,19,4,6,4,3,14,10,7,2,4,2,11,5,2,6,6,0,fire,fighting,4
197,Emolga,2,3,2,19,2,2,5,2,9,5,4,2,3,2,6,3,1,electric,flying,13
198,Empoleon,4,22,5,3,11,4,5,7,8,4,4,10,3,2,6,7,0,water,ice,0
199,Entei,21,3,3,2,2,3,5,5,2,6,2,6,3,2,5,4,0,fire,rock,4
200,Escavalier,2,3,4,2,3,7,9,3,4,3,15,3,2,2,5,4,0,bug,poison,2
201,Espeon,3,3,4,2,4,3,5,6,2,23,3,2,6,2,4,3,3,psychic,ghost,11
202,Espurr,3,3,3,6,5,2,5,3,3,21,3,2,2,2,7,3,1,psychic,dark,5
203,Excadrill,2,2,3,4,2,6,10,12,3,3,3,11,3,2,4,6,0,ground,rock,9
204,Exeggcute,3,2,19,2,2,2,10,5,3,16,3,6,5,2,3,2,1,grass,psychic,10
205,Exeggutor,3,2,20,2,2,3,10,5,3,18,3,6,5,2,3,2,1,grass,psychic,10
206,Exploud,12,7,3,5,15,12,5,6,2,6,2,10,4,3,8,2,1,ice,fire,4
207,Farfetch'd,4,2,3,2,2,4,8,4,19,4,4,2,6,3,5,5,0,flying,poison,12
208,Fearow,4,3,2,2,3,2,5,4,16,4,3,2,4,3,6,4,0,flying,dark,12
209,Feebas,2,12,2,3,9,2,5,3,2,6,2,2,3,6,2,3,0,water,ice,0
210,Fennekin,16,4,6,2,3,3,5,2,2,12,2,2,2,2,5,3,0,fire,psychic,5
211,Feraligatr,4,21,3,3,12,12,5,7,3,4,3,9,4,11,8,4,0,water,fighting,0
212,Ferroseed,3,2,10,5,2,3,9,5,3,4,3,9,4,2,5,8,0,grass,rock,9
213,Ferrothorn,3,2,13,6,2,3,9,6,4,4,3,10,5,2,5,8,0,grass,rock,9
214,Finneon,2,18,2,2,8,2,5,2,7,5,5,2,3,3,3,2,2,water,ice,0
215,Flaaffy,4,3,4,21,3,10,5,5,2,6,3,4,4,2,4,3,0,electric,fighting,13
216,Flabebe,3,3,19,2,3,2,5,4,2,7,2,2,2,3,2,2,5,grass,psychic,10
217,Flareon,18,3,2,2,4,5,7,5,2,5,2,3,5,2,4,3,2,fire,poison,11
218,Fletchinder,12,2,2,2,2,3,5,2,10,4,3,2,2,2,5,4,0,fire,flying,12
219,Fletchling,6,2,2,2,2,3,5,2,10,4,3,2,2,2,5,4,0,flying,fire,12
220,Floatzel,3,22,2,2,14,10,5,4,2,4,3,5,3,2,8,3,0,water,ice,0
221,Floette,3,3,19,2,3,2,5,4,2,7,2,2,2,3,2,2,5,grass,psychic,10
222,Floette-Eternal,3,3,19,2,3,2,5,4,2,7,2,2,2,3,2,2,6,grass,psychic,10
223,Florges,3,3,20,2,4,2,5,4,2,8,2,2,2,3,2,2,7,grass,psychic,10
224,Flygon,10,2,4,3,2,5,5,11,11,3,12,9,3,15,6,5,0,dragon,bug,7
225,Foongus,3,3,15,2,2,2,14,2,2,3,3,3,3,2,5,2,0,grass,poison,10
226,Forretress,3,2,4,5,2,5,9,10,3,7,9,13,2,2,3,8,0,rock,ground,9
227,Fraxure,4,4,2,3,3,7,8,3,3,3,3,5,3,15,8,3,0,dragon,dark,14
228,Frillish,4,18,5,3,8,2,10,2,2,9,2,2,8,2,5,2,1,water,poison,0
229,Froakie,4,16,5,3,7,4,7,5,5,4,3,8,4,2,6,2,0,water,rock,0
230,Frogadier,4,16,5,3,9,5,9,5,5,4,3,8,4,2,8,2,0,water,poison,0
231,Froslass,2,5,2,6,17,3,5,5,2,9,3,3,9,2,13,2,0,ice,dark,5
232,Furfrou,3,4,5,5,4,4,5,4,2,5,3,3,3,2,7,3,2,dark,psychic,11
233,Furret,6,8,5,7,9,10,5,4,2,5,4,4,5,2,8,3,1,fighting,ice,4
234,Gabite,7,3,2,2,3,3,5,10,3,3,3,12,3,16,3,5,0,dragon,rock,7
235,Gallade,6,3,6,7,10,14,8,7,3,28,5,8,8,4,10,2,5,psychic,fighting,5
236,Galvantula,2,3,4,13,2,2,15,3,3,5,17,3,2,2,6,2,0,bug,poison,2
237,Garbodor,3,3,5,4,3,4,23,6,2,6,3,8,5,2,7,2,0,poison,rock,16
238,Gardevoir,6,3,6,7,9,3,5,5,2,28,3,2,8,3,8,2,6,psychic,ice,5
239,Gastly,6,3,4,4,7,2,14,3,2,13,3,2,15,2,13,2,1,ghost,poison,5
240,Gastrodon,2,14,2,3,8,4,13,10,2,5,4,10,4,2,3,2,0,water,poison,16
241,Genesect,5,2,5,10,5,2,7,4,5,10,14,4,3,2,5,9,0,bug,psychic,2
242,Gengar,6,3,4,5,7,11,17,3,2,14,3,3,17,2,14,2,1,poison,ghost,5
243,Geodude,9,2,2,4,2,11,5,10,2,3,2,22,4,2,4,5,0,rock,fighting,9
244,Gible,7,3,2,2,2,3,5,10,3,3,3,12,3,15,3,5,0,dragon,rock,7
245,Gigalith,2,2,3,2,2,4,5,10,3,4,2,18,4,2,2,7,0,rock,ground,9
246,Girafarig,3,3,5,7,6,6,5,7,3,25,3,3,7,2,9,3,1,psychic,dark,5
247,Giratina,4,4,3,7,5,4,5,8,8,11,4,6,10,13,6,6,0,dragon,psychic,15
248,Giratina-Origin,4,4,3,7,5,4,5,8,8,11,4,6,10,13,6,6,0,dragon,psychic,15
249,Glaceon,3,6,2,2,15,4,5,5,2,7,3,3,5,2,4,3,2,ice,psychic,11
250,Glalie,2,6,2,2,17,2,5,5,2,4,3,3,5,2,11,4,0,ice,dark,9
251,Glameow,3,5,2,5,5,3,5,5,3,5,4,2,4,2,15,3,2,dark,ground,14
252,Gligar,3,4,2,2,3,6,21,8,11,6,9,14,2,2,13,6,0,poison,rock,14
253,Gliscor,5,4,2,3,5,6,21,9,12,6,9,14,2,2,13,6,0,poison,rock,14
254,Gloom,3,2,23,2,2,3,14,3,2,3,3,2,2,2,3,2,4,grass,poison,10
255,Gogoat,3,4,15,3,2,6,5,5,4,4,2,6,2,2,3,3,0,grass,rock,10
256,Golbat,4,3,3,2,4,3,14,2,16,5,4,2,8,3,11,4,0,flying,poison,12
257,Goldeen,3,18,2,3,8,2,8,6,4,5,5,2,2,2,3,2,0,water,poison,0
258,Golduck,3,21,3,3,9,14,6,7,3,18,4,4,5,2,4,3,1,water,psychic,0
259,Golem,9,2,2,4,2,12,5,10,2,3,4,22,4,2,4,7,0,rock,fighting,9
260,Golett,4,3,4,4,7,13,5,9,3,8,3,12,8,2,4,4,0,fighting,rock,9
261,Golurk,4,3,5,6,7,13,5,9,4,9,3,13,9,2,4,6,0,fighting,rock,9
262,Goodra,9,9,4,6,6,7,13,4,2,3,3,5,4,10,2,3,0,poison,dragon,7
263,Goomy,3,8,3,4,2,3,13,2,2,3,3,4,4,8,2,3,0,poison,dragon,2
264,Gorebyss,3,22,2,3,8,2,6,4,3,9,4,2,4,2,2,3,1,water,psychic,0
265,Gothita,2,3,5,6,4,2,5,4,3,27,3,6,3,2,16,2,1,psychic,dark,5
266,Gothitelle,2,3,5,6,4,5,5,4,3,28,3,6,3,2,16,2,1,psychic,dark,5
267,Gothorita,2,3,5,6,4,2,5,4,3,28,3,6,3,2,16,2,1,psychic,dark,5
268,Gourgeist,9,2,13,3,2,4,7,2,2,12,2,5,11,2,6,3,0,grass,psychic,5
269,Gourgeist-Large,0,0,0,0,0,0,0,0,0,0,0,0,0,0,0,0,0,fire,water,6
270,Gourgeist-Small,0,0,0,0,0,0,0,0,0,0,0,0,0,0,0,0,0,fire,water,6
271,Gourgeist-Super,0,0,0,0,0,0,0,0,0,0,0,0,0,0,0,0,0,fire,water,6
272,Granbull,12,5,3,9,8,14,7,6,2,4,2,9,4,3,12,3,3,fighting,fire,4
273,Graveler,9,2,2,4,2,11,5,10,2,3,2,22,4,2,4,5,0,rock,fighting,9
274,Greninja,4,19,5,3,10,6,9,6,5,5,3,8,5,2,10,2,0,water,dark,0
275,Grimer,9,3,3,6,6,4,24,5,2,4,3,6,8,2,8,2,0,poison,fire,16
276,Grotle,3,4,22,2,2,4,5,6,2,6,2,7,4,2,4,3,0,grass,rock,10
277,Grovyle,3,3,25,4,3,14,5,6,4,4,4,7,2,4,5,3,0,grass,fighting,10
278,Growlithe,19,2,2,3,3,7,5,4,3,4,2,3,3,3,6,3,1,fire,fighting,4
279,Grumpig,5,3,5,6,6,11,5,5,3,23,3,3,5,2,8,3,0,psychic,fighting,5
280,Gulpin,5,5,6,4,6,6,26,3,2,5,3,4,7,2,3,2,0,poison,ghost,16
281,Gurdurr,5,3,4,3,4,22,8,4,2,3,2,12,3,2,6,2,0,fighting,rock,3
282,Gyarados,6,14,2,5,11,3,5,4,3,3,2,5,3,12,9,4,0,water,dragon,7
283,Happiny,7,5,6,4,6,5,5,5,3,9,2,3,3,2,3,2,2,psychic,fire,1
284,Hariyama,5,6,2,3,4,25,8,8,2,4,2,11,3,2,6,5,0,fighting,rock,3
285,Haunter,6,3,4,4,7,2,17,3,2,13,3,2,17,2,14,2,1,poison,ghost,5
286,Hawlucha,5,3,4,4,4,18,8,4,16,6,4,8,2,3,7,5,0,fighting,flying,3
287,Haxorus,4,5,4,3,3,9,8,5,3,3,3,7,3,15,8,3,0,dragon,fighting,14
288,Heatmor,15,3,4,3,2,9,7,3,3,4,4,5,7,2,12,2,0,fire,dark,16
289,Heliolisk,4,4,4,22,3,5,5,7,2,5,4,7,2,6,4,3,0,electric,rock,13
290,Helioptile,2,4,4,20,2,3,5,7,2,5,4,7,2,4,4,3,0,electric,rock,13
291,Heracross,3,3,3,2,2,15,7,6,3,3,9,11,3,2,7,3,0,fighting,rock,3
292,Herdier,5,4,2,7,5,5,5,5,3,3,2,5,5,2,7,2,3,electric,dark,4
293,Hippopotas,3,4,2,2,2,5,5,10,2,3,2,10,4,2,4,3,0,ground,rock,16
294,Hippowdon,5,4,2,3,4,5,5,10,2,3,2,11,4,2,4,4,0,rock,ground,16
295,Hitmonchan,5,3,2,3,4,23,5,5,3,5,2,9,3,2,5,3,0,fighting,rock,3
296,Hitmonlee,4,3,2,2,3,24,8,5,3,5,2,10,3,2,7,3,0,fighting,rock,3
297,Hitmontop,3,3,2,2,2,19,5,7,3,5,2,9,3,3,5,4,0,fighting,rock,3
298,Honchkrow,5,3,2,3,5,3,5,3,18,8,2,2,9,3,20,4,0,dark,flying,12
299,Honedge,2,3,2,4,2,5,5,3,3,5,3,6,6,2,4,8,0,steel,rock,14
300,Ho-Oh,13,3,4,7,4,3,5,6,15,12,3,5,5,3,3,5,0,flying,fire,12
301,Hoopa,5,3,5,7,6,7,7,3,3,25,3,2,6,3,15,2,0,psychic,dark,5
302,Hoopa-Unbound,5,3,5,7,6,7,7,3,3,25,3,2,6,3,15,2,0,psychic,dark,5
303,Hoothoot,4,3,2,2,4,3,5,3,17,15,3,2,7,3,4,4,0,flying,psychic,12
304,Hoppip,3,2,21,2,2,2,8,3,5,6,6,2,2,2,3,2,3,grass,poison,10
305,Horsea,2,20,2,2,8,2,6,2,3,4,3,2,2,12,2,3,0,water,dragon,0
306,Houndoom,17,2,3,3,4,6,9,3,2,5,2,3,7,2,20,3,1,dark,fire,4
307,Houndour,17,2,3,3,4,6,9,3,2,5,2,3,7,2,20,3,1,dark,fire,4
308,Huntail,2,20,2,3,9,2,6,4,3,4,3,4,3,2,7,3,0,water,ice,0
309,Hydreigon,10,5,2,6,8,5,5,5,8,5,4,9,4,14,11,6,0,dragon,dark,7
310,Hypno,5,3,4,4,5,12,8,3,2,27,3,2,4,2,11,2,1,psychic,fighting,5
311,Igglybuff,7,5,5,5,5,4,5,6,4,12,2,3,4,3,6,2,3,psychic,fire,1
312,Illumise,3,5,4,8,5,8,5,3,9,5,11,2,5,2,6,2,4,bug,flying,1
313,Inkay,4,3,2,3,3,3,5,2,5,15,2,4,4,2,17,2,0,dark,psychic,5
314,Ivysaur,3,3,29,2,3,3,14,4,2,5,4,3,4,2,3,2,1,grass,poison,10
315,Jellicent,4,18,5,3,8,2,10,2,2,9,2,2,8,2,5,2,1,water,poison,0
316,Jigglypuff,9,5,5,9,12,10,5,6,4,12,2,5,4,3,8,3,5,ice,psychic,1
317,Jirachi,5,5,5,8,5,5,5,5,4,23,4,6,4,3,3,7,3,psychic,electric,5
318,Jolteon,3,3,2,13,5,5,5,6,2,7,4,3,5,2,4,3,2,electric,psychic,11
319,Joltik,2,3,4,12,2,2,15,3,3,5,16,3,2,2,6,2,0,bug,poison,2
320,Jumpluff,3,2,21,2,2,2,8,3,5,6,6,2,2,2,3,2,3,grass,poison,10
321,Jynx,2,5,5,2,15,11,5,4,2,23,3,2,5,2,10,2,2,psychic,ice,1
322,Kabuto,2,13,5,2,8,4,5,8,3,3,2,15,4,2,5,4,0,rock,water,9
323,Kabutops,2,15,5,2,8,8,5,8,3,3,4,17,4,2,6,4,0,rock,water,9
324,Kadabra,5,3,5,6,5,7,5,4,3,34,3,2,4,2,11,3,1,psychic,dark,5
325,Kakuna,0,0,0,1,0,0,3,0,0,0,3,0,0,0,0,1,0,poison,bug,8
326,Kangaskhan,9,8,3,6,11,16,5,6,3,3,3,9,6,3,8,3,0,fighting,ice,4
327,Karrablast,2,3,4,2,2,3,8,3,4,3,13,2,2,2,5,3,0,bug,poison,2
328,Kecleon,9,6,5,8,8,11,5,4,3,11,3,11,7,2,11,3,0,fighting,rock,4
329,Keldeo,2,11,2,2,5,10,8,2,4,5,3,4,2,2,3,2,0,water,fighting,0
330,Kingdra,2,20,2,2,8,2,6,2,3,4,3,2,2,13,3,4,0,water,dragon,0
331,Kingler,2,13,2,3,9,5,5,6,2,6,4,9,2,2,7,4,0,water,rock,0
332,Kirlia,6,3,5,7,9,2,5,5,2,27,3,2,8,3,8,2,5,psychic,ice,5
333,Klang,2,2,2,14,4,3,5,4,3,5,3,6,2,2,2,9,0,electric,steel,13
334,Klefki,3,3,2,4,3,2,5,4,2,13,2,2,3,2,6,6,8,psychic,fairy,5
335,Klink,2,2,2,14,4,3,5,4,3,5,3,6,2,2,2,9,0,electric,steel,13
336,Klinklang,2,2,2,16,4,3,5,4,3,6,3,6,2,2,2,9,0,electric,steel,13
337,Koffing,8,3,2,5,4,2,22,2,2,5,3,3,8,2,10,3,0,poison,dark,16
338,Krabby,2,13,2,3,9,5,5,6,2,6,4,8,2,2,6,4,0,water,ice,0
339,Kricketot,0,0,0,0,0,0,0,1,0,0,5,0,0,0,0,0,0,bug,ground,8
340,Kricketune,3,3,2,2,4,5,5,3,3,3,16,3,2,2,6,2,0,bug,dark,2
341,Krokorok,5,3,4,3,3,9,7,9,2,3,2,12,4,2,20,3,0,dark,rock,14
342,Krookodile,5,3,4,3,3,12,7,10,3,3,2,13,4,9,20,3,0,dark,rock,14
343,Kyogre,2,20,2,6,9,4,5,5,2,4,3,8,2,2,2,3,0,water,ice,0
344,Kyurem,3,3,2,2,10,4,5,3,6,9,3,9,4,14,5,6,0,dragon,ice,7
345,Kyurem-Black,3,3,2,3,11,4,5,3,6,9,3,9,4,14,5,6,0,dragon,ice,7
346,Kyurem-White,4,3,2,2,12,4,5,3,6,9,3,9,4,14,5,6,0,dragon,ice,7
347,Lairon,3,5,2,4,2,5,5,8,3,3,3,16,6,4,3,10,0,rock,steel,9
348,Lampent,16,2,4,3,3,2,10,3,2,12,2,2,10,2,9,2,0,fire,psychic,5
349,Landorus,2,2,4,2,2,8,9,10,4,10,3,16,2,3,6,3,0,rock,psychic,9
350,Landorus-Therian,2,2,4,2,2,8,9,10,4,10,3,16,2,3,6,3,0,rock,psychic,9
351,Lanturn,2,21,2,17,8,2,5,2,3,6,3,2,3,2,3,2,1,water,electric,0
352,Lapras,2,16,2,5,16,4,5,5,2,8,3,4,7,7,2,4,0,water,ice,0
353,Larvesta,14,2,4,4,2,3,5,3,3,9,12,2,3,2,2,2,0,fire,bug,2
354,Larvitar,3,3,2,2,3,6,5,8,2,3,2,15,5,5,12,5,0,rock,dark,9
355,Latias,4,12,6,7,5,2,5,6,9,23,3,3,4,11,4,4,1,psychic,water,5
356,Latios,3,10,6,7,5,2,5,6,9,22,3,3,4,13,4,4,0,psychic,dragon,5
357,Leafeon,3,3,16,2,4,4,5,5,3,5,4,3,5,2,5,3,2,grass,ghost,11
358,Leavanny,3,2,15,3,2,2,8,2,4,9,14,2,3,2,5,5,0,grass,bug,2
359,Ledian,3,2,4,3,4,10,5,4,9,7,12,4,3,2,5,2,0,bug,fighting,2
360,Ledyba,3,2,4,3,4,8,5,3,9,7,12,3,3,2,5,2,0,bug,flying,2
361,Lickilicky,9,10,4,6,8,11,6,7,2,6,2,10,7,4,5,4,0,fighting,rock,4
362,Lickitung,9,10,4,6,8,10,6,7,2,6,2,10,7,4,5,3,0,water,rock,4
363,Liepard,3,3,5,3,5,3,7,3,3,6,3,3,5,2,21,3,2,dark,poison,14
364,Lileep,3,3,13,2,2,2,9,5,2,6,4,13,6,2,2,2,0,grass,rock,16
365,Lilligant,3,2,23,2,2,2,5,2,2,7,3,2,2,2,2,2,1,grass,psychic,10
366,Lillipup,5,3,2,7,5,5,5,5,3,3,2,5,5,2,6,2,3,electric,dark,4
367,Linoone,3,7,6,8,8,4,7,7,2,4,4,5,5,2,7,3,3,ice,electric,11
368,Litleo,16,3,3,3,4,3,5,4,2,3,2,3,2,2,10,3,0,fire,dark,4
369,Litwick,16,2,4,3,3,2,10,3,2,12,2,2,10,2,9,2,0,fire,psychic,5
370,Lombre,6,18,14,3,12,8,5,3,2,4,2,3,3,2,6,2,0,water,grass,0
371,Lopunny,5,5,6,9,9,14,5,6,4,8,3,3,4,2,5,3,3,fighting,electric,1
372,Lotad,3,11,14,2,9,3,5,2,2,4,2,2,3,2,3,2,0,grass,water,10
373,Loudred,10,5,3,4,12,11,5,6,2,6,2,9,4,2,7,2,1,ice,fighting,4
374,Lucario,4,5,2,4,5,25,8,8,3,10,3,9,5,5,10,8,0,fighting,dark,3
375,Ludicolo,6,18,14,3,12,11,5,3,2,4,2,4,3,2,6,2,0,water,grass,0
376,Lugia,3,13,3,7,10,3,5,7,15,18,3,5,5,9,3,6,0,psychic,flying,15
377,Lumineon,2,18,2,2,8,2,5,2,7,5,5,2,3,3,3,2,2,water,ice,0
378,Lunatone,2,3,4,3,6,2,5,8,4,23,3,17,3,2,3,4,2,psychic,rock,5
379,Luvdisc,3,19,2,3,7,2,5,3,3,5,2,2,2,2,2,2,3,water,ice,0
380,Luxio,4,3,2,16,5,3,5,4,2,4,4,2,2,2,8,3,1,electric,dark,13
381,Luxray,4,3,2,19,5,4,5,5,2,4,4,2,2,2,8,3,1,electric,dark,13
382,Machamp,9,3,2,3,5,25,8,7,2,7,2,11,3,3,6,4,0,fighting,rock,3
383,Machoke,9,3,2,3,5,25,8,7,2,7,2,9,3,3,6,4,0,fighting,fire,3
384,Machop,9,3,2,3,5,25,8,7,2,7,2,9,3,3,6,4,0,fighting,fire,3
385,Magby,19,2,2,3,3,12,9,3,2,7,2,3,3,3,5,3,0,fire,fighting,4
386,Magcargo,15,2,3,2,2,3,9,7,2,7,3,18,4,2,3,4,0,rock,fire,16
387,Magikarp,0,1,0,0,0,0,0,0,1,0,0,0,0,0,0,0,0,water,flying,6
388,Magmar,19,2,2,3,3,15,9,3,2,7,2,4,3,3,5,3,0,fire,fighting,4
389,Magmortar,19,2,3,4,4,15,9,5,2,7,2,8,3,3,7,3,0,fire,fighting,4
390,Magnemite,3,3,2,16,2,2,5,4,3,7,3,3,2,2,2,8,0,electric,steel,13
391,Magneton,3,3,2,19,2,2,5,5,3,7,3,3,2,2,2,8,0,electric,steel,13
392,Magnezone,3,3,2,20,2,2,5,5,3,9,3,3,2,2,2,9,0,electric,steel,13
393,Makuhita,5,5,2,3,4,25,8,8,2,4,2,10,3,2,5,4,0,fighting,rock,3
394,Malamar,4,3,2,3,3,4,5,2,5,16,3,4,4,2,17,2,0,dark,psychic,5
395,Mamoswine,2,4,2,3,18,5,5,11,3,6,2,13,5,2,4,3,1,ice,rock,9
396,Manaphy,3,17,5,2,7,2,6,3,3,10,5,3,3,2,4,2,2,water,psychic,0
397,Mandibuzz,5,3,2,2,3,3,5,3,15,3,3,5,3,2,18,5,0,dark,flying,12
398,Manectric,7,3,2,20,4,3,5,5,2,4,3,2,5,2,7,3,0,electric,fire,13
399,Mankey,6,3,3,5,5,21,10,7,4,5,3,9,4,4,11,3,0,fighting,dark,3
400,Mantine,3,19,4,3,8,2,7,6,10,7,4,7,3,3,2,3,0,water,flying,0
401,Mantyke,3,17,2,3,8,2,5,6,9,6,3,5,3,3,2,2,0,water,flying,0
402,Maractus,3,2,27,2,3,3,8,4,5,3,3,2,2,2,4,2,0,grass,poison,10
403,Mareep,2,3,4,19,3,3,5,5,2,6,3,3,4,2,3,3,0,electric,psychic,13
404,Marill,3,25,4,2,10,9,5,4,3,6,2,4,2,2,5,3,2,water,ice,0
405,Marowak,9,2,2,3,9,13,5,11,3,3,3,14,2,3,5,5,1,rock,fighting,4
406,Marshtomp,3,19,3,3,13,11,9,10,2,5,2,14,5,2,4,3,0,water,rock,0
407,Masquerain,4,12,6,3,8,3,5,5,11,6,16,2,6,3,3,2,0,bug,water,2
408,Mawile,9,3,5,6,11,10,10,5,2,4,2,12,4,3,18,6,4,dark,rock,4
409,Medicham,5,3,5,3,4,21,8,5,3,22,3,7,4,2,3,3,0,psychic,fighting,3
410,Meditite,5,3,4,3,4,21,8,5,3,22,3,7,4,2,3,3,0,psychic,fighting,3
411,Meganium,3,3,29,2,3,4,8,6,2,7,3,5,2,5,2,3,0,grass,poison,10
412,Meloetta,5,3,5,8,7,12,5,4,4,21,4,4,4,3,8,2,1,psychic,fighting,5
413,Meowstic-F,3,3,4,6,5,3,5,5,3,24,3,2,3,3,8,3,2,psychic,dark,5
414,Meowstic-M,3,3,3,6,5,4,5,5,3,24,3,2,3,3,9,3,3,psychic,dark,5
415,Meowth,3,5,4,5,6,3,7,4,3,6,3,2,7,2,18,3,1,dark,ghost,14
416,Metagross,3,3,4,4,5,7,7,8,4,16,4,13,3,2,5,9,0,psychic,rock,9
417,Metang,3,3,4,4,5,6,7,8,4,16,4,13,3,2,5,9,0,psychic,rock,9
418,Metapod,0,0,0,1,0,0,0,0,0,0,3,0,0,0,0,1,0,bug,steel,8
419,Mew,13,13,11,13,15,17,17,12,16,25,13,17,8,11,19,9,1,psychic,dark,5
420,Mewtwo,10,6,6,9,12,15,8,7,5,31,3,10,4,2,9,3,0,psychic,fighting,5
421,Mienfoo,3,3,4,2,3,19,8,3,5,8,3,8,2,3,6,2,0,fighting,rock,3
422,Mienshao,3,3,4,2,3,19,8,3,5,8,3,9,2,3,6,2,0,fighting,rock,3
423,Mightyena,6,3,2,3,6,5,8,5,2,3,2,3,6,2,16,3,1,dark,poison,14
424,Milotic,3,19,2,3,11,2,6,5,2,7,2,2,3,9,2,4,1,water,ice,0
425,Miltank,5,7,3,7,9,13,6,5,2,5,2,11,5,2,4,5,0,fighting,rock,4
426,Mime Jr.,3,3,5,7,4,6,5,4,2,26,4,2,4,2,8,2,1,psychic,dark,5
427,Minccino,3,4,5,5,4,3,7,4,2,4,3,2,2,2,6,3,3,poison,dark,11
428,Minun,2,3,4,19,4,5,5,5,2,5,3,3,2,2,6,3,2,electric,dark,1
429,Misdreavus,5,3,2,7,6,2,5,3,3,17,2,3,14,2,14,2,1,psychic,dark,5
430,Mismagius,7,3,4,7,6,2,5,3,3,17,2,3,15,2,14,2,1,psychic,ghost,5
431,Moltres,14,3,3,2,2,3,5,3,16,5,3,5,3,3,2,4,0,flying,fire,12
432,Monferno,21,3,5,3,5,17,10,4,4,4,3,11,3,3,7,3,0,fire,fighting,4
433,Mothim,3,3,5,3,2,2,10,3,12,9,14,2,4,3,3,2,0,bug,flying,2
434,Mr. Mime,5,3,7,8,6,11,5,5,3,30,4,3,5,3,10,3,3,psychic,fighting,5
435,Mudkip,3,17,3,3,11,7,9,7,2,5,2,12,5,2,3,3,0,water,rock,0
436,Muk,9,3,3,6,6,8,24,5,2,4,3,7,8,2,10,2,0,poison,dark,16
437,Munchlax,9,7,4,6,9,9,8,5,2,7,2,10,7,3,5,2,1,rock,fire,4
438,Munna,2,3,4,5,3,2,5,4,3,27,3,6,6,2,3,3,2,psychic,ghost,5
439,Murkrow,4,3,2,3,5,2,5,3,18,8,2,2,9,3,18,4,0,flying,dark,12
440,Musharna,2,3,4,5,3,2,5,4,3,27,3,6,6,2,3,3,2,psychic,ghost,5
441,Natu,4,3,6,3,3,2,5,3,13,27,5,2,7,3,6,4,1,psychic,flying,5
442,Nidoking,9,8,2,6,12,12,24,9,3,5,4,14,4,7,11,3,0,poison,rock,4
443,Nidoqueen,9,8,2,6,12,12,27,9,3,3,3,13,4,7,14,3,1,poison,dark,4
444,Nidoran-F,3,5,2,5,7,5,25,4,3,3,2,3,3,2,10,3,1,poison,dark,4
445,Nidoran-M,3,5,2,5,7,5,22,5,3,5,2,4,3,2,7,3,0,poison,dark,4
446,Nidorina,3,5,2,5,7,5,25,4,3,3,2,3,3,2,10,3,1,poison,dark,4
447,Nidorino,3,5,2,5,7,5,22,5,3,5,2,4,3,2,7,3,0,poison,dark,4
448,Nincada,3,2,4,2,2,3,5,5,4,3,13,3,4,2,5,3,0,bug,dark,2
449,Ninetales,17,2,4,2,2,2,5,3,2,12,2,2,7,2,8,3,2,fire,psychic,4
450,Ninjask,3,2,4,2,2,3,5,5,9,4,14,3,5,2,6,3,0,bug,flying,2
451,Noctowl,4,3,2,2,4,3,5,3,17,15,3,2,7,3,4,4,0,flying,psychic,12
452,Noibat,4,4,3,3,5,3,5,2,15,7,5,2,4,6,10,5,0,flying,dark,12
453,Noivern,5,4,3,3,5,4,5,2,15,7,5,2,4,8,11,5,1,flying,dark,12
454,Nosepass,5,2,2,12,5,4,5,10,3,5,2,22,2,2,4,3,1,rock,electric,9
455,Numel,14,2,2,2,3,3,5,9,2,4,2,12,4,2,2,3,1,fire,rock,16
456,Nuzleaf,3,2,16,2,3,7,5,5,3,6,3,8,4,2,14,2,0,grass,dark,10
457,Octillery,7,21,5,4,8,3,12,5,3,6,4,5,2,2,4,3,0,water,poison,0
458,Oddish,3,2,22,2,2,2,14,3,2,3,3,2,2,2,2,2,4,grass,poison,10
459,Omanyte,2,19,2,2,9,3,7,6,2,3,2,17,2,2,5,4,0,water,rock,0
460,Omastar,2,19,2,2,9,4,7,7,2,3,2,19,2,2,5,4,0,water,rock,0
461,Onix,3,2,3,3,3,3,5,11,2,3,2,21,4,9,5,7,0,rock,ground,9
462,Oshawott,4,21,5,2,7,5,5,3,4,3,4,3,2,2,6,3,0,water,ice,0
463,Pachirisu,2,3,5,19,3,2,7,5,2,4,3,3,2,2,6,3,2,electric,poison,13
464,Palkia,7,11,2,6,9,8,5,7,4,6,3,11,3,14,4,2,0,dragon,rock,7
465,Palpitoad,2,13,2,3,7,4,10,7,3,3,3,5,2,2,2,2,0,water,poison,0
466,Pancham,5,4,4,3,8,18,9,4,4,4,2,8,4,3,13,3,0,fighting,dark,3
467,Pangoro,5,4,4,3,8,20,12,5,4,4,4,8,4,5,18,3,0,fighting,dark,3
468,Panpour,3,18,4,3,12,6,8,4,3,4,2,5,5,2,12,3,1,water,dark,0
469,Pansage,3,2,17,2,5,6,8,3,3,4,2,5,5,2,12,3,1,grass,dark,10
470,Pansear,16,2,5,2,5,6,8,3,3,5,2,5,5,2,12,3,1,fire,dark,4
471,Paras,3,2,16,2,2,5,15,4,3,6,12,4,2,2,6,3,0,grass,poison,10
472,Parasect,3,2,16,2,2,5,15,4,3,6,12,4,2,2,6,3,0,grass,poison,10
473,Patrat,3,4,5,4,2,6,7,4,2,5,2,2,4,2,7,3,0,poison,dark,11
474,Pawniard,2,3,4,4,4,9,8,4,3,5,4,10,4,3,20,6,0,dark,rock,14
475,Pelipper,3,17,3,3,9,2,7,3,17,4,3,3,3,3,7,4,0,water,flying,12
476,Persian,3,5,4,5,6,3,7,4,3,6,3,3,7,2,20,3,2,dark,ghost,14
477,Petilil,3,2,21,2,2,2,5,2,2,5,2,2,2,2,2,2,1,grass,psychic,10
478,Phanpy,3,2,3,2,6,6,7,7,2,3,2,13,3,2,3,4,2,rock,poison,9
479,Phantump,4,2,15,2,2,3,10,4,2,13,2,5,12,2,7,2,0,grass,psychic,5
480,Phione,3,17,4,2,7,2,6,3,3,3,4,3,2,2,4,2,2,water,ice,0
481,Pichu,2,4,4,16,4,5,5,4,2,4,3,3,2,2,4,3,3,electric,poison,1
482,Pidgeot,4,3,2,2,2,3,5,4,19,4,3,2,4,3,5,4,0,flying,dark,12
483,Pidgeotto,4,3,2,2,2,3,5,4,19,4,3,2,4,3,5,4,0,flying,dark,12
484,Pidgey,4,3,2,2,2,3,5,4,19,4,3,2,4,3,5,4,0,flying,dark,12
485,Pidove,4,3,2,2,3,3,5,2,14,4,3,2,2,2,4,4,0,flying,poison,12
486,Pignite,18,3,6,4,3,12,10,5,2,4,2,10,5,2,6,5,0,fire,fighting,4
487,Pikachu,2,4,4,20,5,9,5,5,3,6,3,4,2,2,5,3,3,electric,fighting,1
488,Piloswine,2,4,2,3,17,5,5,11,3,6,2,12,5,2,3,2,1,ice,rock,9
489,Pineco,3,2,4,2,2,5,9,9,3,7,8,11,2,2,3,4,0,rock,poison,9
490,Pinsir,3,3,2,2,4,14,5,6,2,3,9,12,2,2,6,3,0,fighting,rock,3
491,Piplup,4,20,5,3,10,3,5,5,8,4,3,6,2,2,4,2,0,water,ice,0
492,Plusle,3,5,4,18,4,5,5,4,2,5,3,3,2,2,5,3,2,electric,dark,1
493,Politoed,3,18,2,2,15,11,5,8,3,6,2,3,2,2,5,2,1,water,ice,0
494,Poliwag,3,18,2,2,11,3,5,5,2,6,2,2,2,2,3,2,1,water,ice,0
495,Poliwhirl,3,18,2,2,13,9,5,8,2,6,2,3,2,2,4,2,1,water,ice,0
496,Poliwrath,3,18,2,2,13,16,8,8,2,6,2,8,2,2,5,2,1,water,fighting,0
497,Ponyta,17,2,3,3,4,4,5,2,3,6,2,2,2,2,2,3,1,fire,psychic,4
498,Poochyena,6,3,2,3,6,5,8,5,2,3,2,3,6,2,16,3,1,dark,poison,14
499,Porygon,3,3,3,11,6,2,5,4,4,15,3,2,4,2,4,3,0,psychic,electric,13
500,Porygon2,3,3,3,11,6,2,5,4,4,15,3,2,4,2,4,3,0,psychic,electric,13
501,Porygon-Z,3,3,3,11,6,2,5,4,4,15,3,2,4,2,8,3,0,psychic,electric,13
502,Primeape,6,3,3,5,5,21,10,7,4,5,3,10,4,4,11,3,0,fighting,dark,3
503,Prinplup,4,20,5,3,10,4,5,5,8,4,3,7,3,2,5,3,0,water,ice,0
504,Probopass,5,2,2,12,5,4,5,10,3,5,2,22,2,2,4,6,1,rock,electric,9
505,Psyduck,3,20,3,3,9,11,6,7,3,18,3,3,5,2,4,3,0,water,psychic,0
506,Pumpkaboo,9,2,13,3,2,3,7,2,2,12,2,5,10,2,6,3,0,grass,psychic,5
507,Pumpkaboo-Large,0,0,0,0,0,0,0,0,0,0,0,0,0,0,0,0,0,fire,water,6
508,Pumpkaboo-Small,0,0,0,0,0,0,0,0,0,0,0,0,0,0,0,0,0,fire,water,6
509,Pumpkaboo-Super,0,0,0,0,0,0,0,0,0,0,0,0,0,0,0,0,0,fire,water,6
510,Pupitar,3,3,2,2,3,6,5,8,2,3,2,15,5,5,12,5,0,rock,dark,9
511,Purrloin,3,3,5,3,5,2,7,3,3,6,3,2,5,2,21,3,2,dark,poison,14
512,Purugly,3,5,2,5,5,3,5,6,3,5,4,3,4,2,15,3,2,dark,ground,14
513,Pyroar,16,3,3,3,4,3,5,4,3,3,2,3,2,2,10,3,0,fire,dark,4
514,Quagsire,2,16,2,4,12,11,10,10,2,5,3,11,4,2,4,3,0,water,ice,16
515,Quilava,21,3,3,3,3,8,5,4,3,4,3,4,3,2,2,2,0,fire,fighting,4
516,Quilladin,3,3,17,3,3,12,10,7,3,5,3,10,5,3,7,6,0,grass,fighting,3
517,Qwilfish,2,19,2,4,8,3,20,4,3,3,5,3,5,2,4,3,0,poison,water,0
518,Raichu,2,4,4,20,5,10,5,5,3,6,3,4,2,2,6,3,3,electric,fighting,1
519,Raikou,3,3,2,15,2,4,5,6,2,7,3,5,3,2,6,4,0,electric,psychic,13
520,Ralts,6,3,5,7,9,2,5,5,2,27,3,2,8,3,8,2,5,psychic,ice,5
521,Rampardos,9,5,2,6,6,9,5,8,2,4,2,17,5,7,8,4,0,rock,fire,4
522,Rapidash,17,2,3,3,4,4,8,3,3,6,3,2,2,2,2,3,1,fire,poison,4
523,Raticate,4,3,4,8,6,7,5,4,3,4,3,3,3,2,9,3,0,dark,electric,4
524,Rattata,4,3,4,8,6,7,5,4,3,4,3,3,3,2,9,3,0,dark,electric,4
525,Regice,2,3,2,9,11,12,5,6,3,5,3,12,4,2,3,4,0,fighting,rock,9
526,Regigigas,5,3,2,7,6,11,5,8,4,4,2,14,4,2,5,4,0,rock,fighting,9
527,Regirock,5,2,2,9,4,12,5,9,3,4,2,19,4,2,3,4,0,rock,fighting,9
528,Registeel,3,3,2,10,4,12,5,7,4,5,2,15,5,2,4,6,0,rock,fighting,9
529,Relicanth,3,20,2,3,7,3,5,10,3,6,2,16,2,2,2,2,0,water,rock,0
530,Remoraid,7,21,4,4,8,2,8,5,3,6,4,5,2,2,3,2,0,water,poison,0
531,Reshiram,15,2,3,2,5,4,5,3,7,10,2,9,4,14,6,4,0,fire,dragon,7
532,Reuniclus,4,3,5,6,4,8,6,4,3,23,4,8,6,2,6,5,1,psychic,rock,5
533,Rhydon,11,6,3,7,11,13,8,11,2,4,4,19,6,9,6,4,0,rock,fighting,4
534,Rhyhorn,9,4,3,6,8,6,8,11,2,4,3,19,5,6,5,4,0,rock,ground,4
535,Rhyperior,11,6,3,7,11,13,8,11,2,4,4,21,6,9,6,6,0,rock,fighting,4
536,Riolu,4,3,2,4,5,23,8,7,3,6,3,7,4,3,7,5,0,fighting,poison,3
537,Roggenrola,2,2,2,2,2,3,5,10,3,4,2,17,4,2,2,6,0,rock,ground,9
538,Roselia,4,5,26,2,2,2,17,4,2,4,4,2,4,2,2,2,2,grass,poison,10
539,Roserade,4,5,29,2,2,2,19,5,2,4,4,2,4,2,2,2,2,grass,poison,10
540,Rotom,4,3,2,14,2,2,5,4,2,8,3,2,8,2,8,2,0,electric,ghost,13
541,Rotom-Fan,4,3,2,14,2,2,5,4,3,8,3,2,8,2,8,2,0,electric,ghost,13
542,Rotom-Frost,4,3,2,14,3,2,5,4,2,8,3,2,8,2,8,2,0,electric,ghost,13
543,Rotom-Heat,5,3,2,14,2,2,5,4,2,8,3,2,8,2,8,2,0,electric,ghost,13
544,Rotom-Mow,4,3,3,14,2,2,5,4,2,8,3,2,8,2,8,2,0,electric,ghost,13
545,Rotom-Wash,4,4,2,14,2,2,5,4,2,8,3,2,8,2,8,2,0,electric,ghost,13
546,Rufflet,4,3,2,2,2,5,5,2,15,3,3,7,3,2,3,4,0,flying,rock,12
547,Sableye,7,6,2,4,6,13,8,6,4,15,4,6,12,2,21,3,2,dark,psychic,14
548,Salamence,11,5,2,3,3,4,5,5,10,4,3,9,4,19,5,6,0,dragon,fire,7
549,Samurott,4,22,5,2,7,6,5,3,4,3,5,3,2,4,7,3,0,water,dark,0
550,Sandile,5,3,2,3,3,3,7,9,2,3,2,11,3,2,18,3,0,dark,rock,14
551,Sandshrew,3,2,3,2,2,8,11,12,3,3,4,12,3,2,7,5,0,ground,rock,9
552,Sandslash,3,2,3,2,2,9,11,12,3,3,4,13,3,2,7,5,0,rock,ground,9
553,Sawk,5,3,4,3,6,17,8,5,2,4,2,8,2,3,6,2,0,fighting,rock,3
554,Sawsbuck,3,3,15,4,4,6,5,3,3,5,3,3,4,2,4,2,1,grass,fighting,11
555,Scatterbug,0,0,1,0,0,0,3,0,0,0,4,0,0,0,0,0,0,bug,poison,8
556,Sceptile,3,3,26,4,4,15,5,8,4,4,4,8,2,10,7,3,0,grass,fighting,10
557,Scizor,3,3,2,2,3,9,7,2,11,5,12,4,3,2,7,9,0,bug,flying,12
558,Scolipede,3,3,3,2,3,4,23,6,2,4,12,9,2,2,5,5,0,poison,bug,2
559,Scrafty,6,3,4,3,6,15,10,5,2,5,2,11,3,12,15,5,0,fighting,dark,3
560,Scraggy,6,3,4,3,6,15,10,5,2,5,2,11,3,11,14,5,0,fighting,dark,3
561,Scyther,3,3,2,2,3,8,5,2,10,5,12,3,3,2,6,4,0,bug,flying,12
562,Seadra,2,20,2,2,8,2,6,2,3,4,3,2,2,12,2,3,0,water,dragon,0
563,Seaking,3,18,2,3,8,2,8,6,4,5,5,2,2,2,3,2,0,water,poison,0
564,Sealeo,3,17,2,2,14,3,5,6,2,3,3,8,4,2,2,3,1,water,ice,16
565,Seedot,3,2,15,2,2,3,5,4,3,5,2,4,4,2,5,2,0,grass,dark,10
566,Seel,3,16,2,2,12,2,6,3,2,3,3,2,3,2,4,3,0,water,ice,16
567,Seismitoad,2,13,4,3,9,9,16,9,3,3,3,9,2,2,5,2,0,poison,water,0
568,Sentret,6,8,5,6,8,8,5,4,2,5,4,3,5,2,8,3,1,water,fighting,4
569,Serperior,3,4,25,2,3,3,7,3,3,7,2,3,2,8,7,3,0,grass,dragon,10
570,Servine,3,4,24,2,3,2,7,3,3,7,2,2,2,3,7,3,0,grass,dark,10
571,Seviper,4,4,3,2,3,4,25,6,2,3,5,3,3,4,16,3,0,poison,dark,16
572,Sewaddle,3,2,11,3,2,2,5,2,3,8,12,2,2,2,3,3,0,bug,grass,2
573,Sharpedo,2,14,2,2,11,3,11,5,3,5,3,6,4,2,13,2,0,water,dark,0
574,Shaymin,3,2,18,2,2,2,5,4,5,7,2,2,3,2,2,2,2,grass,psychic,10
575,Shaymin-Sky,3,2,18,2,2,2,5,4,5,7,2,2,3,2,2,2,2,grass,psychic,10
576,Shedinja,4,2,4,2,2,3,5,6,4,8,13,3,10,2,7,3,0,bug,ghost,2
577,Shelgon,10,4,2,2,3,4,5,3,3,4,3,8,3,17,5,3,0,dragon,fire,7
578,Shellder,2,15,2,2,13,2,6,3,2,4,3,4,2,2,3,3,0,water,ice,0
579,Shellos,2,12,2,3,8,3,9,7,2,5,4,3,4,2,3,2,0,water,poison,16
580,Shelmet,2,3,5,2,2,3,12,4,2,5,11,2,4,2,3,2,0,poison,bug,2
581,Shieldon,7,3,2,6,6,4,5,10,2,4,2,18,4,2,4,9,0,rock,ground,9
582,Shiftry,3,2,18,2,4,8,5,5,7,6,5,8,5,3,16,2,0,grass,dark,10
583,Shinx,4,3,2,16,5,3,5,4,2,4,4,2,2,2,8,3,1,electric,dark,13
584,Shroomish,3,2,16,2,2,5,12,2,2,3,2,2,2,2,4,2,1,grass,poison,10
585,Shuckle,3,3,2,2,2,4,13,9,2,6,9,20,2,2,3,3,0,rock,poison,9
586,Shuppet,4,3,2,7,4,3,7,3,2,15,2,2,17,2,15,2,1,ghost,dark,5
587,Sigilyph,3,3,4,5,5,2,5,5,15,28,3,4,3,2,6,5,1,psychic,flying,5
588,Silcoon,0,0,0,1,0,0,3,0,0,0,3,0,0,0,0,1,0,poison,bug,8
589,Simipour,3,18,4,3,12,10,8,4,3,4,2,7,5,2,12,3,1,water,dark,0
590,Simisage,3,2,17,2,5,10,8,3,3,4,2,7,5,2,12,3,1,grass,dark,10
591,Simisear,16,2,5,2,5,10,8,3,3,5,2,7,5,2,12,3,1,fire,dark,4
592,Skarmory,3,2,2,2,4,4,5,5,17,5,4,10,5,3,11,10,0,flying,dark,12
593,Skiddo,3,4,15,3,2,5,5,4,2,4,2,6,2,2,3,3,0,grass,rock,10
594,Skiploom,3,2,21,2,2,2,8,3,5,6,6,2,2,2,3,2,3,grass,poison,10
595,Skitty,3,5,5,8,8,4,5,5,2,7,2,3,4,2,6,3,2,ice,electric,1
596,Skorupi,3,4,2,2,4,4,27,5,3,4,12,5,4,2,16,3,0,poison,dark,14
597,Skrelp,2,15,2,4,5,2,22,2,3,3,2,2,3,5,3,3,1,poison,water,0
598,Skuntank,8,3,2,2,4,3,19,4,3,3,3,3,5,2,18,3,1,poison,dark,14
599,Slaking,9,5,3,6,8,15,7,6,3,4,3,9,6,2,11,2,1,fighting,dark,4
600,Slakoth,9,5,3,6,8,11,7,3,3,4,3,7,6,2,8,2,1,fighting,fire,4
601,Sliggoo,3,8,3,4,5,3,13,2,2,3,3,4,4,8,2,3,0,poison,dragon,2
602,Slowbro,7,14,4,4,11,10,6,8,3,20,4,3,6,2,4,4,0,psychic,water,5
603,Slowking,7,13,4,4,11,11,6,8,2,20,4,4,6,4,6,4,0,psychic,water,5
604,Slowpoke,7,13,4,4,8,2,6,8,2,20,3,2,6,2,2,3,0,psychic,water,5
605,Slugma,15,2,2,2,2,3,9,4,2,7,3,11,4,2,3,3,0,fire,rock,16
606,Slurpuff,4,4,6,3,3,3,6,2,2,9,2,2,2,2,4,2,5,psychic,poison,1
607,Smeargle,0,0,0,0,0,0,0,0,0,0,0,0,0,0,0,0,0,fire,water,6
608,Smoochum,2,5,4,2,13,6,5,3,2,22,3,2,5,2,8,2,1,psychic,ice,1
609,Sneasel,3,5,2,2,15,11,8,4,3,7,4,3,7,2,20,4,0,dark,ice,14
610,Snivy,3,4,24,2,3,2,7,3,3,7,2,2,2,3,7,3,0,grass,dark,10
611,Snorlax,9,7,4,7,9,12,8,7,2,7,2,11,7,3,6,4,1,fighting,rock,4
612,Snorunt,2,5,2,2,14,2,5,3,2,4,2,3,5,2,6,2,0,ice,dark,2
613,Snover,2,5,18,2,16,2,5,3,2,5,2,2,3,2,2,3,0,grass,ice,10
614,Snubbull,12,5,3,9,8,13,7,6,2,4,2,3,4,2,12,2,3,fighting,fire,4
615,Solosis,2,3,3,5,2,2,6,4,3,23,4,7,6,2,4,5,1,psychic,rock,5
616,Solrock,12,2,5,3,2,2,5,8,4,21,3,17,3,2,3,5,0,psychic,rock,5
617,Spearow,4,3,2,2,3,2,5,4,16,4,3,2,4,3,6,4,0,flying,dark,12
618,Spewpa,0,0,1,1,0,0,3,0,0,0,4,0,0,0,0,1,0,bug,poison,8
619,Spheal,3,17,2,2,14,3,5,6,2,3,3,8,4,2,2,3,1,water,ice,16
620,Spinarak,3,2,4,3,3,2,21,3,3,7,17,2,4,2,8,2,0,poison,bug,2
621,Spinda,5,5,2,5,6,12,5,4,2,17,2,8,4,2,8,2,0,psychic,fighting,1
622,Spiritomb,4,5,2,3,4,2,5,3,2,12,4,4,12,2,17,2,0,dark,ghost,5
623,Spoink,3,3,4,5,4,3,5,3,3,23,3,3,5,2,7,3,0,psychic,dark,5
624,Spritzee,3,3,4,4,5,3,5,3,2,12,2,2,3,3,3,4,9,psychic,fairy,1
625,Squirtle,3,27,3,3,11,11,5,5,2,5,2,6,3,4,4,6,0,water,fighting,0
626,Stantler,3,3,4,9,3,4,5,8,4,19,4,2,7,2,5,3,0,psychic,electric,5
627,Staraptor,4,3,2,2,3,7,5,4,16,4,3,2,5,3,4,4,0,flying,fighting,12
628,Staravia,4,3,2,2,3,6,5,4,15,4,3,2,5,3,4,4,0,flying,fighting,12
629,Starly,4,3,2,2,3,6,5,4,15,4,3,2,5,3,4,4,0,flying,fighting,12
630,Starmie,2,16,4,5,8,2,5,4,3,18,3,4,4,3,2,4,1,psychic,water,5
631,Staryu,2,16,2,5,7,2,5,3,3,11,3,4,3,3,2,4,1,water,psychic,0
632,Steelix,5,3,3,5,5,3,5,12,2,3,2,21,4,9,8,8,0,rock,ground,9
633,Steelix-Mega,5,3,3,5,5,3,5,12,2,3,2,21,4,9,8,8,0,rock,ground,9
634,Stoutland,5,4,2,8,5,6,5,5,3,3,2,5,5,2,7,3,3,electric,dark,4
635,Stunfisk,2,12,2,13,2,3,9,12,3,3,3,10,6,2,4,2,0,electric,ground,0
636,Stunky,8,3,2,2,4,3,16,4,3,3,3,3,5,2,18,3,1,dark,poison,14
637,Sudowoodo,5,2,3,3,5,11,5,9,2,5,2,17,4,2,10,2,0,rock,fighting,9
638,Suicune,3,15,2,2,13,3,5,5,5,7,3,5,4,2,5,4,0,water,ice,0
639,Sunflora,3,2,25,2,2,2,7,4,2,4,2,2,4,2,2,2,1,grass,poison,10
640,Sunkern,3,2,21,2,2,2,7,4,2,4,2,2,4,2,2,2,0,grass,poison,10
641,Surskit,4,12,4,3,8,3,5,5,2,6,11,2,4,2,3,2,0,water,bug,2
642,Swablu,4,3,4,2,9,2,5,3,14,6,2,2,4,8,4,4,3,flying,ice,12
643,Swadloon,3,2,13,3,2,2,5,2,3,8,12,2,2,2,3,3,0,grass,bug,2
644,Swalot,5,5,6,4,6,6,26,5,2,5,3,4,7,2,3,2,0,poison,ghost,16
645,Swampert,3,20,3,3,13,14,9,10,2,5,2,16,5,3,4,3,0,water,rock,0
646,Swanna,3,15,2,3,6,2,5,3,19,3,2,2,2,2,2,4,0,flying,water,12
647,Swellow,4,3,2,2,3,4,5,3,18,4,3,2,3,3,4,4,0,flying,poison,12
648,Swinub,2,4,2,3,15,5,5,11,2,6,2,11,5,2,3,2,1,ice,rock,9
649,Swirlix,4,4,6,3,3,2,6,2,2,9,2,2,2,2,4,2,5,psychic,poison,1
650,Swoobat,3,3,4,5,3,3,7,3,14,24,4,2,4,2,10,5,1,psychic,flying,5
651,Sylveon,3,3,2,2,5,3,5,6,2,11,2,2,5,3,4,3,9,psychic,fairy,11
652,Taillow,4,3,2,2,3,4,5,3,18,4,3,2,3,3,4,4,0,flying,poison,12
653,Talonflame,13,2,3,2,2,4,5,2,11,4,3,2,2,2,6,4,0,fire,flying,12
654,Tangela,3,2,23,3,2,3,10,3,2,7,4,4,2,2,4,2,0,grass,poison,10
655,Tangrowth,3,2,23,3,2,5,13,6,3,7,4,8,2,2,6,2,0,grass,poison,10
656,Tauros,7,7,3,6,6,3,5,4,2,5,2,10,3,3,4,4,0,rock,fire,4
657,Teddiursa,5,3,3,3,7,13,7,6,3,3,3,8,4,2,12,3,3,fighting,dark,4
658,Tentacool,2,18,3,2,9,2,21,2,2,6,3,2,4,2,5,2,1,poison,water,0
659,Tentacruel,2,18,3,2,9,2,21,2,2,6,3,2,4,2,5,2,1,poison,water,0
660,Tepig,16,3,6,3,3,5,7,4,2,4,2,7,5,2,5,5,0,fire,poison,4
661,Terrakion,2,2,2,2,3,9,8,6,3,6,3,14,2,2,3,3,0,rock,fighting,9
662,Throh,5,3,4,3,4,17,8,5,2,4,2,9,2,2,6,2,0,fighting,rock,3
663,Thundurus,3,3,4,15,3,9,9,3,4,8,3,4,3,2,15,4,0,electric,dark,13
664,Thundurus-Therian,3,3,4,15,3,9,9,3,4,8,3,4,3,2,15,4,0,electric,dark,13
665,Timburr,5,3,4,3,4,22,8,4,2,3,2,12,3,2,6,2,0,fighting,rock,3
666,Tirtouga,2,18,2,2,6,3,5,7,2,5,2,19,4,2,5,4,0,rock,water,9
667,Togekiss,8,5,6,4,4,10,5,4,15,17,4,5,5,3,4,4,5,psychic,flying,1
668,Togepi,7,5,5,4,4,6,5,4,4,17,3,5,4,2,4,2,3,psychic,fire,1
669,Togetic,8,5,6,4,4,9,5,4,13,17,4,5,5,3,4,4,5,psychic,flying,1
670,Torchic,17,3,3,2,3,8,5,5,7,4,2,7,5,2,4,2,0,fire,fighting,4
671,Torkoal,18,3,3,2,2,4,10,7,2,4,2,11,4,2,2,5,0,fire,rock,9
672,Tornadus,4,3,4,2,4,9,9,3,11,8,3,4,3,2,14,3,0,dark,flying,14
673,Tornadus-Therian,4,3,4,2,4,9,9,3,11,8,3,4,3,2,14,3,0,dark,flying,14
674,Torterra,3,4,24,2,2,4,5,8,2,6,2,15,4,3,4,4,0,grass,rock,10
675,Totodile,4,21,3,3,11,10,5,5,3,3,2,7,4,6,8,4,0,water,ice,0
676,Toxicroak,3,3,2,3,7,18,20,7,3,5,4,9,5,3,18,3,0,poison,dark,3
677,Tranquill,4,3,2,2,3,3,5,2,14,4,3,2,2,2,4,4,0,flying,poison,12
678,Trapinch,3,2,4,2,2,4,5,11,3,3,8,8,2,2,5,2,0,ground,rock,9
679,Treecko,3,3,24,4,3,13,5,6,4,4,3,7,2,4,5,3,0,grass,fighting,10
680,Trevenant,4,2,15,2,2,6,10,5,2,14,3,5,12,2,8,2,0,grass,psychic,5
681,Tropius,3,2,17,2,2,3,5,5,12,3,4,3,5,8,2,4,0,grass,flying,10
682,Trubbish,3,3,4,3,3,3,23,5,2,4,3,5,5,2,6,2,0,poison,dark,16
683,Turtwig,3,4,22,2,2,4,5,6,2,6,2,7,4,2,4,3,0,grass,rock,10
684,Tympole,2,13,2,3,7,2,9,6,3,3,3,2,2,2,2,2,0,water,poison,0
685,Tynamo,0,0,0,4,0,0,0,1,0,0,0,0,0,0,0,0,0,electric,ground,6
686,Typhlosion,23,3,4,4,3,14,5,6,3,4,3,9,4,2,3,3,0,fire,fighting,4
687,Tyranitar,11,8,2,8,11,12,5,8,3,3,3,16,7,11,15,5,0,rock,dark,4
688,Tyrantrum,5,2,2,3,5,5,8,6,3,4,2,15,4,12,7,5,1,rock,dragon,7
689,Tyrogue,3,3,2,2,2,13,5,5,2,4,2,5,3,2,4,3,0,fighting,ground,3
690,Tyrunt,5,2,2,3,5,5,8,6,3,4,2,14,4,12,7,5,1,rock,dragon,7
691,Umbreon,3,3,2,2,5,3,5,5,2,10,2,2,8,2,16,3,3,dark,psychic,11
692,Unfezant,4,3,2,2,3,3,5,2,14,4,3,2,2,2,4,4,0,flying,poison,12
693,Unown,2,2,2,2,2,2,2,2,2,2,2,2,2,2,2,2,0,fire,water,2
694,Ursaring,5,3,3,3,8,16,7,7,3,3,3,11,4,2,12,3,3,fighting,dark,4
695,Uxie,5,5,7,8,4,3,5,4,3,24,4,5,3,2,6,3,1,psychic,electric,5
696,Vanillish,2,5,2,3,15,2,6,3,2,7,3,2,3,2,3,6,0,ice,psychic,2
697,Vanillite,2,5,2,3,15,2,6,3,2,7,3,2,3,2,3,6,0,ice,psychic,2
698,Vanilluxe,2,6,2,3,16,2,6,3,2,7,3,2,3,2,3,6,0,ice,psychic,2
699,Vaporeon,3,19,2,2,11,4,6,5,2,5,3,3,5,2,4,3,2,water,ice,11
700,Venipede,3,2,3,2,3,3,21,3,2,4,10,5,2,2,4,4,0,poison,bug,2
701,Venomoth,3,2,7,2,2,3,17,2,11,10,16,2,4,3,3,2,0,poison,bug,2
702,Venonat,3,2,6,2,2,3,17,2,2,10,11,2,3,2,3,2,0,poison,bug,2
703,Venusaur,3,3,30,2,3,3,14,6,2,5,4,4,4,3,3,2,1,grass,poison,10
704,Vespiquen,3,3,2,2,2,2,12,3,12,3,19,3,5,2,7,2,0,bug,poison,2
705,Vibrava,4,2,4,2,2,4,5,11,10,3,10,8,3,9,5,4,0,ground,bug,12
706,Victini,20,2,6,11,3,8,5,3,3,16,4,3,3,2,5,2,1,fire,psychic,4
707,Victreebel,3,2,21,2,2,2,17,2,2,4,6,2,2,2,5,2,0,grass,poison,10
708,Vigoroth,9,5,3,6,8,15,7,5,3,4,3,8,6,2,9,2,1,fighting,fire,4
709,Vileplume,3,2,24,2,2,3,14,3,2,3,3,2,2,2,3,2,4,grass,poison,10
710,Virizion,3,2,12,2,3,9,5,2,4,7,3,4,2,2,3,2,0,grass,fighting,10
711,Vivillon,4,3,8,3,2,2,8,2,10,9,15,2,2,2,3,3,1,bug,flying,2
712,Volbeat,3,5,4,8,4,8,5,3,9,6,13,2,5,2,4,2,3,bug,flying,2
713,Volcanion,12,7,3,2,4,6,9,6,2,3,2,8,2,2,3,4,0,fire,poison,9
714,Volcarona,17,2,4,4,2,3,8,3,11,9,15,2,3,2,2,2,0,fire,bug,2
715,Voltorb,2,3,2,16,3,2,5,3,2,6,3,3,2,2,7,3,0,electric,dark,13
716,Vullaby,5,3,2,2,3,3,5,2,14,3,3,5,3,2,18,5,0,dark,flying,12
717,Vulpix,17,2,3,2,2,2,5,3,2,9,2,2,7,2,7,3,2,fire,psychic,4
718,Wailmer,2,20,2,2,11,3,6,5,3,5,2,6,5,2,2,3,0,water,ice,0
719,Wailord,2,20,2,2,11,3,6,5,3,5,2,6,5,2,2,4,0,water,ice,0
720,Walrein,3,17,2,2,17,3,5,6,2,3,4,8,4,2,3,4,1,water,ice,16
721,Wartortle,3,27,3,3,11,11,5,5,2,5,2,6,3,4,4,6,0,water,fighting,0
722,Watchog,6,4,6,7,4,10,7,5,2,7,3,3,5,2,8,3,0,fighting,dark,4
723,Weavile,3,5,2,2,15,13,8,4,3,7,4,3,7,2,23,4,0,dark,ice,14
724,Weedle,0,0,0,1,0,0,3,0,0,0,3,0,0,0,0,0,0,poison,bug,8
725,Weepinbell,3,2,18,2,2,2,17,2,2,4,6,2,2,2,5,2,0,grass,poison,10
726,Weezing,8,3,2,5,5,2,22,2,2,5,3,3,8,2,10,3,0,poison,dark,16
727,Whimsicott,3,2,18,2,2,2,8,2,5,8,3,2,3,2,10,2,5,grass,dark,10
728,Whirlipede,3,2,3,2,3,3,23,3,2,4,10,5,2,2,4,4,0,poison,bug,2
729,Whiscash,3,19,2,4,7,3,5,11,3,6,2,9,2,4,2,2,0,water,ground,0
730,Whismur,9,5,3,4,11,7,5,3,2,6,2,3,4,2,4,2,1,ice,fire,4
731,Wigglytuff,9,5,5,9,12,11,5,6,4,13,2,5,4,3,8,3,6,psychic,ice,1
732,Wingull,3,14,2,3,9,2,5,3,16,4,3,3,3,3,5,4,0,flying,water,12
733,Wobbuffet,0,0,0,0,0,1,0,0,0,1,0,0,1,0,0,0,1,fighting,ghost,6
734,Woobat,3,3,4,5,3,3,7,3,13,24,4,2,4,2,10,5,1,psychic,flying,5
735,Wooper,2,16,2,4,12,6,10,10,2,5,3,6,4,2,2,3,0,water,ice,16
736,Wormadam,3,3,13,3,2,2,7,2,2,9,9,2,3,2,4,2,0,grass,bug,2
737,Wormadam-Sandy,3,3,2,3,2,2,7,8,2,9,9,9,3,2,4,2,0,bug,psychic,2
738,Wormadam-Trash,3,3,2,4,2,2,9,3,2,9,9,4,3,2,4,8,0,poison,bug,2
739,Wurmple,0,0,0,1,0,0,3,0,0,0,3,0,0,0,0,0,0,poison,bug,8
740,Wynaut,0,0,0,0,0,1,0,0,0,1,0,0,1,0,0,0,1,fighting,ghost,6
741,Xatu,4,3,6,3,3,2,5,3,15,27,5,2,7,3,7,4,1,psychic,flying,5
742,Yamask,3,3,3,3,3,2,7,3,2,20,3,2,13,2,12,3,0,psychic,ghost,5
743,Yanma,3,2,4,2,2,5,5,2,11,7,11,3,5,2,5,4,0,flying,bug,12
744,Yanmega,3,2,4,2,2,5,5,3,11,7,13,3,5,2,6,4,0,bug,flying,12
745,Yveltal,4,3,2,2,4,3,5,2,14,7,3,4,5,6,13,4,0,flying,dark,12
746,Zangoose,9,5,4,7,10,17,8,4,3,3,4,9,6,2,11,4,0,fighting,dark,4
747,Zapdos,4,3,2,14,2,4,5,3,15,6,4,5,3,3,2,5,0,flying,electric,12
748,Zebstrika,4,3,2,16,3,4,5,4,3,5,3,3,2,2,4,2,0,electric,psychic,13
749,Zekrom,2,3,2,14,5,4,5,4,7,9,3,9,4,14,6,5,0,electric,dragon,7
750,Zigzagoon,3,7,5,8,8,4,7,6,2,4,4,5,4,2,6,3,2,ice,electric,11
751,Zoroark,5,3,4,2,4,8,7,3,4,8,3,3,5,2,24,2,0,dark,psychic,14
752,Zorua,4,3,4,2,4,4,5,3,4,8,3,2,4,2,23,2,0,dark,psychic,14
753,Zubat,4,3,3,2,4,3,14,2,16,5,4,2,8,3,11,4,0,flying,poison,12
754,Zweilous,6,4,2,5,7,4,5,3,2,4,2,4,4,14,10,2,0,dragon,dark,7
755,Zygarde,3,2,4,3,4,6,8,7,2,4,2,7,3,12,4,3,0,dragon,poison,7
